PE, step
-0.773495 ,0
-0.775182 ,1
-0.7752 ,2
-0.780246 ,3
-0.942188 ,4
-1.10778 ,7
-1.11872 ,9
